{
  "seed42": {
    "test_mae": 253.61753845214844,
    "test_rmse": 324.5743713378906,
    "test_spearman": 0.7409061999290419,
    "test_middle_decile_calibration": 100.9412841796875,
    "calib_alpha": 0.35000000000000003
  },
  "seed1": {
    "test_mae": 253.77296447753906,
    "test_rmse": 324.6519775390625,
    "test_spearman": 0.7410133424578847,
    "test_middle_decile_calibration": 100.39990234375,
    "calib_alpha": 0.35000000000000003
  },
  "delta_mae": 0.155426025390625,
  "delta_spearman": 0.0001071425288428074
}